{"new_covered": [935, 0, 0, 0, 0, 0], "time": [15.403447389602661, 0.1928560733795166, 0.1617112159729004, 0.20568585395812988, 0.1757822036743164, 0.19030237197875977], "cls_distrib": [0.38482384823848237, 0.38482384823848237, 0.38482384823848237, 0.38482384823848237, 0.38482384823848237, 0.38482384823848237], "acc": 0.7116564417177914, "rec": 0.864}