{"new_covered": [788, 0, 0, 0, 0, 0], "time": [1.1493744850158691, 0.2913355827331543, 0.1861121654510498, 0.1521914005279541, 0.158280611038208, 0.1421051025390625], "cls_distrib": [0.31560283687943264, 0.31560283687943264, 0.31560283687943264, 0.31560283687943264, 0.31560283687943264, 0.31560283687943264], "acc": 0.7126865671641791, "rec": 0.8653846153846154}