{"new_covered": [1141, 0, 0, 0, 0, 0], "time": [1.3401384353637695, 0.9533462524414062, 0.6605737209320068, 0.39686012268066406, 0.6505165100097656, 0.28303956985473633], "cls_distrib": [0.22302158273381295, 0.22302158273381295, 0.22302158273381295, 0.22302158273381295, 0.22302158273381295, 0.22302158273381295], "acc": 0.7128205128205128, "rec": 0.9192982456140351}