{"new_covered": [748, 0, 0, 0, 0, 0], "time": [3.604285478591919, 0.14548063278198242, 0.16655492782592773, 0.14258289337158203, 0.18055939674377441, 0.17917108535766602], "cls_distrib": [0.2635135135135135, 0.2635135135135135, 0.2635135135135135, 0.2635135135135135, 0.2635135135135135, 0.2635135135135135], "acc": 0.7241379310344828, "rec": 0.8928571428571429}