{"new_covered": [652, 0, 0, 0, 0, 0], "time": [0.9530093669891357, 0.15264248847961426, 0.15633678436279297, 0.09485960006713867, 0.09080266952514648, 0.1236264705657959], "cls_distrib": [0.4430769230769231, 0.4430769230769231, 0.4430769230769231, 0.4430769230769231, 0.4430769230769231, 0.4430769230769231], "acc": 0.689795918367347, "rec": 0.8}