{"new_covered": [1048, 0, 0, 0, 0, 0], "time": [4.014608144760132, 0.2069852352142334, 0.1733543872833252, 0.19836735725402832, 0.2510852813720703, 0.23738765716552734], "cls_distrib": [0.25304136253041365, 0.25304136253041365, 0.25304136253041365, 0.25304136253041365, 0.25304136253041365, 0.25304136253041365], "acc": 0.7068493150684931, "rec": 0.9047619047619048}