{"new_covered": [1117, 0, 0, 0, 0, 17, 50, 4, 0, 0, 0, 0, 0], "time": [16.393763303756714, 0.245100736618042, 0.20697617530822754, 0.3521616458892822, 0.2830026149749756, 0.238480806350708, 0.2174060344696045, 0.29051995277404785, 0.24577021598815918, 0.24487900733947754, 0.26862120628356934, 0.19688701629638672, 0.1877908706665039], "cls_distrib": [0.17798594847775176, 0.17798594847775176, 0.17798594847775176, 0.17798594847775176, 0.17798594847775176, 0.15609756097560976, 0.125, 0.1151685393258427, 0.1151685393258427, 0.1151685393258427, 0.1151685393258427, 0.1151685393258427, 0.1151685393258427], "acc": 0.7331606217616581, "rec": 0.9175257731958762}