{"new_covered": [830, 0, 0, 0, 0, 0], "time": [1.1697492599487305, 0.1474742889404297, 0.16473841667175293, 0.5715246200561523, 0.7211723327636719, 0.15459418296813965], "cls_distrib": [0.40532544378698226, 0.40532544378698226, 0.40532544378698226, 0.40532544378698226, 0.40532544378698226, 0.40532544378698226], "acc": 0.7226027397260274, "rec": 0.8416666666666667}