{"new_covered": [870, 11, 27, 0, 0, 0, 0, 0], "time": [3.3138067722320557, 0.14239215850830078, 0.21329689025878906, 0.11707639694213867, 0.11117362976074219, 0.18832063674926758, 0.2906620502471924, 0.1262986660003662], "cls_distrib": [0.3564356435643564, 0.3321917808219178, 0.32452830188679244, 0.32452830188679244, 0.32452830188679244, 0.32452830188679244, 0.32452830188679244, 0.32452830188679244], "acc": 0.7108843537414966, "rec": 0.8127659574468085}