{"new_covered": [360, 93, 2, 431, 0, 0, 0, 0, 17, 70, 0, 0, 0, 0, 0], "time": [2.078455924987793, 0.35575270652770996, 0.29969310760498047, 0.3792150020599365, 0.05034685134887695, 0.08413457870483398, 0.087921142578125, 0.05851483345031738, 0.09480571746826172, 0.06148695945739746, 0.02949237823486328, 0.035648345947265625, 0.03133797645568848, 0.031144380569458008, 0.02949380874633789], "cls_distrib": [0.9535256410256411, 0.9642184557438794, 0.9678638941398866, 0.8673469387755102, 0.8673469387755102, 0.8673469387755102, 0.8673469387755102, 0.8673469387755102, 0.9259259259259259, 0.5454545454545454, 0.5454545454545454, 0.5454545454545454, 0.5454545454545454, 0.5454545454545454, 0.5454545454545454], "acc": 0.6963562753036437, "rec": 0.9488636363636364}