{"new_covered": [1057, 273, 0, 80, 0, 0, 0, 0, 0], "time": [1.3739264011383057, 0.36386585235595703, 0.0944981575012207, 0.18343806266784668, 0.05390810966491699, 0.0409703254699707, 0.04759693145751953, 0.04732537269592285, 0.04441404342651367], "cls_distrib": [0.1596009975062344, 0.1328125, 0.1328125, 0.3541666666666667, 0.3541666666666667, 0.3541666666666667, 0.3541666666666667, 0.3541666666666667, 0.3541666666666667], "acc": 0.336986301369863, "rec": 0.14855072463768115}