{"new_covered": [955, 0, 0, 0, 0, 0], "time": [17.142061948776245, 0.22569513320922852, 0.19637346267700195, 0.18079829216003418, 0.1801283359527588, 0.20839691162109375], "cls_distrib": [0.2608695652173913, 0.2608695652173913, 0.2608695652173913, 0.2608695652173913, 0.2608695652173913, 0.2608695652173913], "acc": 0.6997084548104956, "rec": 0.8764044943820225}