{"new_covered": [996, 0, 0, 0, 0, 0], "time": [2.8408713340759277, 0.19254493713378906, 0.17988157272338867, 0.20714712142944336, 0.3648984432220459, 0.17418193817138672], "cls_distrib": [0.23214285714285715, 0.23214285714285715, 0.23214285714285715, 0.23214285714285715, 0.23214285714285715, 0.23214285714285715], "acc": 0.7447447447447447, "rec": 0.9365079365079365}