{"new_covered": [1097, 0, 0, 0, 0, 0], "time": [4.455888986587524, 0.23960518836975098, 0.2214047908782959, 0.20668578147888184, 0.16944193840026855, 0.17930841445922852], "cls_distrib": [0.20658682634730538, 0.20658682634730538, 0.20658682634730538, 0.20658682634730538, 0.20658682634730538, 0.20658682634730538], "acc": 0.7821229050279329, "rec": 0.9706959706959707}