{"new_covered": [1015, 0, 0, 0, 0, 0], "time": [1.7855815887451172, 0.31297755241394043, 0.17313838005065918, 0.1999835968017578, 0.3732898235321045, 0.3084566593170166], "cls_distrib": [0.27249357326478146, 0.27249357326478146, 0.27249357326478146, 0.27249357326478146, 0.27249357326478146, 0.27249357326478146], "acc": 0.7236467236467237, "rec": 0.914179104477612}