{"new_covered": [1029, 0, 0, 0, 0, 0], "time": [1.4759633541107178, 0.6649940013885498, 0.7056965827941895, 0.32186007499694824, 0.24659180641174316, 0.13035249710083008], "cls_distrib": [0.23367697594501718, 0.23367697594501718, 0.23367697594501718, 0.23367697594501718, 0.23367697594501718, 0.23367697594501718], "acc": 0.7824773413897281, "rec": 0.9573643410852714}