{"new_covered": [1066, 0, 0, 0, 0, 0], "time": [20.074974536895752, 0.1848738193511963, 0.2848491668701172, 0.3155965805053711, 0.23942208290100098, 0.380446195602417], "cls_distrib": [0.2386117136659436, 0.2386117136659436, 0.2386117136659436, 0.2386117136659436, 0.2386117136659436, 0.2386117136659436], "acc": 0.6989528795811518, "rec": 0.9021739130434783}