{"new_covered": [801, 0, 0, 0, 0, 0], "time": [0.4639129638671875, 0.11499786376953125, 0.25254178047180176, 0.2578001022338867, 0.13730931282043457, 0.20792603492736816], "cls_distrib": [0.31679389312977096, 0.31679389312977096, 0.31679389312977096, 0.31679389312977096, 0.31679389312977096, 0.31679389312977096], "acc": 0.6992481203007519, "rec": 0.855072463768116}