{"new_covered": [986, 0, 0, 0, 0, 0], "time": [14.92011022567749, 0.20985198020935059, 0.5765652656555176, 0.2445690631866455, 0.1442115306854248, 0.19977402687072754], "cls_distrib": [0.2365038560411311, 0.2365038560411311, 0.2365038560411311, 0.2365038560411311, 0.2365038560411311, 0.2365038560411311], "acc": 0.7180232558139535, "rec": 0.9209486166007905}