{"new_covered": [1057, 0, 1, 2, 0, 0, 4, 0, 1, 4, 0, 2, 11, 61, 282, 0, 0, 0, 0, 0], "time": [3.7749595642089844, 0.5457866191864014, 0.16524147987365723, 0.5760500431060791, 0.3260490894317627, 0.6408164501190186, 0.238755464553833, 0.33576536178588867, 0.6120381355285645, 0.5406787395477295, 0.19503545761108398, 0.34893226623535156, 0.37691569328308105, 0.17219138145446777, 0.527064323425293, 0.002964496612548828, 0.0028755664825439453, 0.002830982208251953, 0.0028564929962158203, 0.0029015541076660156], "cls_distrib": [0.2699530516431925, 0.2699530516431925, 0.26823529411764707, 0.2647754137115839, 0.2647754137115839, 0.2647754137115839, 0.2577565632458234, 0.2577565632458234, 0.25598086124401914, 0.24879227053140096, 0.24879227053140096, 0.24514563106796117, 0.22443890274314215, 0.10882352941176471, 0.0, 0.0, 0.0, 0.0, 0.0, 0.0], "acc": 0.4123989218328841, "rec": 0.33211678832116787}