{"new_covered": [6293, 0, 0, 0, 0, 0], "time": [51.61436319351196, 1.0382726192474365, 0.8914361000061035, 0.5767271518707275, 1.1554629802703857, 1.075735330581665], "cls_distrib": [0.10779144698301113, 0.10779144698301113, 0.10779144698301113, 0.10779144698301113, 0.10779144698301113, 0.10779144698301113]}