{"new_covered": [1938, 6402, 1668, 0, 766, 2530, 612, 0, 0, 661, 49, 297, 107, 4, 0, 0, 0, 0, 0, 0, 0, 0, 0, 0], "time": [14.156800031661987, 12.131820440292358, 5.816086053848267, 4.683914422988892, 4.423437118530273, 5.0742027759552, 2.499150037765503, 1.5822548866271973, 1.637286901473999, 1.952059268951416, 1.1591699123382568, 1.0134048461914062, 0.930516242980957, 0.895087718963623, 0.8178250789642334, 0.9129486083984375, 0.8363032341003418, 0.7088344097137451, 0.8919601440429688, 0.836789608001709, 0.7479424476623535, 0.7467925548553467, 0.9024710655212402, 0.9448981285095215], "cls_distrib": [0.0023467501066704592, 0.0019582245430809398, 0.0021695594125500667, 0.0021695594125500667, 0.0024875621890547263, 0.0025964391691394658, 0.0033589251439539347, 0.0033589251439539347, 0.0033589251439539347, 0.004919184820801124, 0.005094614264919942, 0.0064995357474466105, 0.005154639175257732, 0.005175983436853002, 0.005175983436853002, 0.005175983436853002, 0.005175983436853002, 0.005175983436853002, 0.005175983436853002, 0.005175983436853002, 0.005175983436853002, 0.005175983436853002, 0.005175983436853002, 0.005175983436853002]}